Client_ID,FirstName,LastName
256172,Sawyer,Patton
221079,Lucia,Gill
243074,Justice,Wiggins
129974,Javion,Baldwin
226596,Taliyah,Schroeder
87998,Sadie,Gilbert
233477,Robert,Walls
233477,Enrique,Pineda
203539,Leticia,Ball
269015,Kaydence,Coleman
250895,Ayden,Blanchard
213114,Adeline,Nicholson
203539,Atticus,Padilla
104493,Brooklynn,Humphrey
280713,Wilson,Owen
323053,Bronson,King
289625,Yuliana,Howe
263197,Elianna,Waller
289150,Carter,Ryan
292566,Deborah,Roy
292577,Aidan,Hester
248072,Stephanie,Franco
292492,Maxim,Chase
96815,Lucille,Higgins
248072,Bo,Mercado
288457,Noah,Snyder
227152,Dahlia,Le
219786,Skyla,Floyd
104191,Skylar,Owen
117910,Eliana,Bright
291410,Maverick,Melendez
262445,Karley,Lowery
230886,Jonathan,Good
127341,Angela,Caldwell
120235,Brittany,Thomas
284910,Aimee,Sanders
292407,Clara,Giles
279619,Broderick,Morales
282184,Giovanni,Berg
227962,Fabian,Lawson
291508,Kolton,Bowen
322466,Azaria,English
102556,Carly,Steele
221912,Jude,Roberts
284550,Demarion,Curry
277818,Ciara,Frank
307248,Roselyn,Bolton
295011,Malcolm,Rocha
126562,Jazlynn,Cunningham
231398,Toby,Ponce
132536,Kinley,Howe
209493,Tatiana,Murillo
223858,Alexus,Eaton
258422,Dane,James
149007,Salvatore,Glenn
116589,Orlando,Page
97872,Litzy,Aguilar
262483,Natalia,Strickland
230259,Ronnie,Ferrell
280331,Nora,Best
282316,Geovanni,Walker
251589,Carmen,Anthony
226799,Cory,Flowers
184557,Madyson,Frye
259672,Madison,Lambert
104690,Keira,Diaz
108932,Karlee,Benjamin
139479,George,Reese
106205,Beckett,Daniels
286155,Salma,Cortez
295187,Amira,Farmer
318202,Dylan,Lowery
271876,Madalyn,Shepherd
104923,Jensen,Cisneros
222223,Linda,Richardson
154497,Oliver,Campos
292075,Alejandra,Schroeder
112790,Alejandra,Adams
229530,Brycen,Clark
301284,Roderick,Richmond
309574,Manuel,Acevedo
280883,Paul,Padilla
250833,Phillip,Brady
81307,Mira,Fritz
271876,Zoe,Durham
270664,Miracle,Chaney
245434,Marlon,Davies
247120,Colton,Barnes
317971,Jeramiah,Brennan
261561,Jamir,Wilkinson
148256,Nyla,Ibarra
321119,Fisher,Grimes
182769,Khalil,Baker
264412,Harrison,Nash
276100,Samantha,Bush
287756,Kristian,Mckenzie
138506,Saul,Hull
237296,Reagan,Stafford
257452,Kian,Spence
321527,Reina,Wagner
233431,Jeremiah,Lloyd
235982,Fernando,Ibarra
213114,Jocelyn,Banks
301922,Bailey,Higgins
293221,Jewel,Mcguire
279022,Lyla,Bass
115556,Lucia,Pollard
87939,Mira,Macias
114302,Ismael,Mcmahon
321146,Blake,Ochoa
270618,Jayda,Casey
106870,Sidney,Humphrey
248616,Howard,Wilson
306182,Mckinley,Glass
245246,Ethan,Hudson
246748,Ava,Paul
204806,Sidney,Cunningham
320878,Thomas,Grimes
213114,Adrianna,Smith
258969,Lucas,Schultz
84396,Jaime,Peterson
